station_code,station_name,latitude,longitude,province_clean,municipality_name_clean
11208,Vitoria/Gasteiz,42.8415284,-2.6726651,alava,vitoria-gasteiz
11212,Agurain/Salvatierra De Alava,42.8464369,-2.3892266,alava,agurain
11213,Araia,42.8694713,-2.3068018,alava,arraia-maeztu
11203,Manzanos,42.7428754,-2.8675305,alava,erribera beitia
11205,Nanclares-Langraiz,42.8162344,-2.8049335,alava,iruna de oca
11210,Alegria-Dulantzi,42.8488289,-2.5145516,alava,alegria-dulantzi
60600,Albacete Los Llanos,39.0002979,-1.8487356,albacete,albacete
60507,La Gineta,39.1117194,-2.000316,albacete,"gineta, la"
61005,Hellin,38.5088565,-1.688572,albacete,hellin
60500,Villarrobledo,39.2608516,-2.5985537,albacete,villarrobledo
60503,Minaya,39.240726,-2.3484434,albacete,minaya
60505,La Roda De Albacete,39.199397,-2.1628953,albacete,"roda, la"
60800,Almansa,38.8677729,-1.1054355,albacete,almansa
60901,Caudete,38.7161493,-0.9597129,albacete,caudete
3309,Villena Alta Velocidad,38.5846082,-0.8734737,alacant,villena
60902,Villena,38.631817,-0.867668,alacant,villena
60900,La Encina,38.7653779,-0.9542829,alacant,villena
60905,Elda-Petrer,38.484919,-0.8010553,alacant,elda
60904,Sax,38.5447527,-0.8142178,alacant,sax
60907,Novelda-Aspe,38.4071671,-0.7777287,alacant,novelda
69011,Alcoi,38.7094901,-0.4702863,alacant,alcoi
69010,Cocentaina,38.7407086,-0.4470622,alacant,cocentaina
69009,Agres,38.7968366,-0.5217951,alacant,agres
56312,Almeria,36.8346609,-2.4561659,almeria,almeria
56305,Gergal,37.1088805,-2.5915216,almeria,gergal
56301,Fiñana,37.1847081,-2.839647,almeria,finana
56308,Gador,36.9515917,-2.4874696,almeria,gador
10400,Avila,40.657203,-4.683319,avila,avila
10302,Guimorcondo,40.6490138,-4.6150234,avila,tornadizos de avila
10409,Arevalo,41.0471235,-4.7019727,avila,arevalo
10207,Las Navas Del Marques,40.5892572,-4.3614434,avila,"navas del marques, las"
10208,Navalperal,40.5909526,-4.4086162,avila,navalperal de pinares
10300,Herradon-La Cañada,40.599334,-4.4950318,avila,herradon de pinares
34007,Crespos,40.8700754,-4.9679924,avila,crespos
34002,Cardeñosa De Avila,40.7391956,-4.7507526,avila,cardenosa
34005,San Pedro Del Arroyo,40.8038378,-4.871408,avila,san pedro del arroyo
34008,Narros Del Castillo,40.8665849,-5.0527564,avila,narros del castillo
37606,Badajoz,38.89061,-6.9817556,badajoz,badajoz
37604,Guadiana,38.9220809,-6.6899875,badajoz,guadiana del caudillo
40004,Almendralejo,38.6846701,-6.3997768,badajoz,almendralejo
40005,Villafranca De Los Barros,38.5644983,-6.3520619,badajoz,villafranca de los barros
40006,Los Santos De Maimona,38.4496301,-6.3616186,badajoz,"santos de maimona, los"
40008,Zafra Feria,38.4243825,-6.4099897,badajoz,zafra
40100,Zafra,38.4138471,-6.405396,badajoz,zafra
42005,Fregenal De La Sierra,38.1677017,-6.6378417,badajoz,fregenal de la sierra
37407,Don Benito,38.9669797,-5.8628364,badajoz,don benito
37402,Castuera,38.7349783,-5.5417826,badajoz,castuera
37404,Campanario,38.8534031,-5.6414458,badajoz,campanario
37410,Guareña,38.8968311,-6.1289519,badajoz,guarena
37409,Valdetorres,38.9133481,-6.0694247,badajoz,valdetorres
37603,Montijo,38.9135544,-6.5985619,badajoz,montijo
37608,Montijo-El Molino,38.9139742,-6.6182455,badajoz,montijo
35405,San Vicente De Alcantara,39.3815403,-7.1170664,badajoz,san vicente de alcantara
37311,Cabeza Del Buey,38.723812,-5.2270033,badajoz,cabeza del buey
37400,Almorchon,38.6966056,-5.2904115,badajoz,cabeza del buey
37406,Villanueva De La Serena,38.9687822,-5.7963912,badajoz,villanueva de la serena
37500,Merida,38.9213839,-6.343062,badajoz,merida
37600,Aljucen,38.9364087,-6.407883,badajoz,aljucen
40002,Calamonte,38.8874922,-6.3826881,badajoz,calamonte
37611,Garrovilla-Las Vegas,38.9153576,-6.4770663,badajoz,"garrovilla, la"
40105,Llerena,38.2376771,-6.0098805,badajoz,llerena
40107,Fuente Del Arco,38.1635601,-5.9005181,badajoz,fuente del arco
78505,Aguilar De Segarra,41.738797,1.6237134,barcelona,aguilar de segarra
78506,Rajadell,41.732411,1.6986637,barcelona,rajadell
78503,Calaf,41.7302307,1.5151424,barcelona,calaf
78504,Seguers-Sant Pere Sallavinera,41.747882,1.5740043,barcelona,calaf
78502,Sant Marti Sesgueioles,41.7012114,1.4861976,barcelona,sant marti sesgueioles
11014,Burgos Rosa De Lima,42.3706346,-3.6661075,burgos,burgos
11009,Villaquiran,42.2156539,-3.9995055,burgos,villaquiran de los infantes
11200,Miranda De Ebro,42.6907532,-2.9411199,burgos,miranda de ebro
11109,Briviesca,42.5427537,-3.3192126,burgos,briviesca
11111,Pancorbo,42.6302302,-3.1129697,burgos,pancorbo
11204,La Puebla De Arganzon,42.7652437,-2.8303429,burgos,condado de trevino
35400,Caceres,39.461161,-6.385651,caceres,caceres
35206,Navalmoral De La Mata,39.8948539,-5.545566,caceres,navalmoral de la mata
35406,Valencia De Alcantara,39.4269147,-7.2307418,caceres,valencia de alcantara
35207,Casatejada,39.8919228,-5.6776116,caceres,casatejada
35301,Mirabel,39.8661782,-6.228912,caceres,mirabel
35302,Casas De Millan,39.8121045,-6.3256771,caceres,casas de millan
30002,Plasencia,40.0221943,-6.0994465,caceres,plasencia
30000,Monfragüe,39.9374645,-6.1010368,caceres,malpartida de plasencia
35303,Cañaveral,39.7889614,-6.3745314,caceres,canaveral
35402,Arroyo De Malpartida,39.4680733,-6.5344525,caceres,caceres
55020,Algeciras,36.126469,-5.448923,cadiz,algeciras
55014,San Pablo,36.4679463,-5.4190055,cadiz,jimena de la frontera
55015,Jimena De La Frontera,36.4242754,-5.4342443,cadiz,jimena de la frontera
55017,Almoraima,36.2770173,-5.4300178,cadiz,castellar de la frontera
55018,San Roque-La Linea,36.2140158,-5.4322269,cadiz,san roque
55019,Los Barrios,36.1738822,-5.4607781,cadiz,"barrios, los"
55005,Setenil,36.8624427,-5.1211137,cadiz,setenil de las bodegas
67208,Barracas,40.011745,-0.6962735,castello,barracas
65312,Vinaros,40.4716548,0.4556807,castello,vinaròs
65318,Benicassim,40.0580783,0.0578182,castello,benicàssim
65308,Alcala De Chivert,40.304675,0.2286858,castello,alcalà de xivert
65311,Benicarlo-Peñiscola,40.4276628,0.415166,castello,benicarlo
65304,Orpesa,40.0922718,0.1397688,castello,orpesa
65306,Torreblanca,40.2122167,0.1989847,castello,torreblanca
37200,Ciudad Real,38.9852579,-3.9134245,ciudad real,ciudad real
50100,Manzanares,39.0058224,-3.3705386,ciudad real,manzanares
94002,Daimiel,39.0615172,-3.6040492,ciudad real,daimiel
94004,Almagro,38.895438,-3.709777,ciudad real,almagro
50102,Valdepeñas,38.763297,-3.395942,ciudad real,valdepenas
37302,Brazatortas-Veredas,38.6688198,-4.3166882,ciudad real,brazatortas
37305,Almadenejos-Almaden,38.7405765,-4.730331,ciudad real,almaden
37308,Guadalmez-Los Pedroches,38.6992339,-4.9295366,ciudad real,guadalmez
37300,Puertollano,38.6914111,-4.1116111,ciudad real,puertollano
37700,Puertollano (Av),38.6914111,-4.1116111,ciudad real,puertollano
60400,Alcazar De San Juan,39.3961548,-3.2058024,ciudad real,alcazar de san juan
60402,Campo De Criptana,39.394412,-3.1176765,ciudad real,campo de criptana
60406,Socuellamos,39.2787994,-2.7755387,ciudad real,socuellamos
50002,Cinco Casas,39.1693086,-3.2373701,ciudad real,alcazar de san juan
50200,Santa Cruz De Mudela,38.644651,-3.4514992,ciudad real,santa cruz de mudela
50202,Almuradiel-Viso Del Marques,38.5143048,-3.5017844,ciudad real,almuradiel
50500,Cordoba,37.8884864,-4.7895764,cordoba,cordoba
50417,Campus Universitario De Rabanales,37.9128153,-4.720937,cordoba,cordoba
37704,Villanueva De Cordoba,38.2551693,-4.5709044,cordoba,villanueva de cordoba
2002,Puente Genil-Herrera,37.3597116,-4.8221946,cordoba,puente genil
50407,Villa Del Rio,37.9814294,-4.2838235,cordoba,villa del rio
50506,Palma Del Rio,37.7181028,-5.29276,cordoba,palma del rio
50504,Posadas,37.803977,-5.106321,cordoba,posadas
31412,A Coruña,43.352486,-8.4099651,"coruna, a","coruna, a"
31416,Cerceda-Meirama,43.2076859,-8.4466314,"coruna, a",cerceda
20410,Elviña-Universidade,43.3352145,-8.4130116,"coruna, a","coruna, a"
20316,Teixeiro,43.1413822,-8.0376492,"coruna, a",curtis
20317,Curtis,43.1272132,-8.1432035,"coruna, a",curtis
20400,Betanzos-Infesta,43.2707409,-8.2258495,"coruna, a",betanzos
21001,Betanzos-Cidade,43.2841768,-8.2158576,"coruna, a",betanzos
20320,Oza Dos Rios,43.218716,-8.187044,"coruna, a",oza-cesuras
20318,Piñoi,43.1452995,-8.1911976,"coruna, a",oza-cesuras
20319,Cesuras,43.1730347,-8.2005033,"coruna, a",oza-cesuras
21008,Perlio,43.4730193,-8.17485,"coruna, a",fene
21009,Neda,43.4953536,-8.160979,"coruna, a",neda
21007,Barallobre,43.4628928,-8.1885688,"coruna, a",fene
21003,Perbes,43.3781843,-8.20108,"coruna, a",mino
21004,Pontedeume,43.4117646,-8.1803661,"coruna, a",pontedeume
21005,Cabanas,43.4156164,-8.168832,"coruna, a",cabanas
21002,Miño,43.3423304,-8.2053876,"coruna, a",mino
20402,Cecebre,43.2879239,-8.3077339,"coruna, a",cambre
20403,Cambre,43.2904881,-8.3520983,"coruna, a",cambre
20404,O Burgo-Santiago,43.3178485,-8.36868,"coruna, a",culleredo
31415,Ordes,43.0380488,-8.4478022,"coruna, a",ordes
31411,Uxes,43.2974066,-8.444413,"coruna, a",arteixo
31400,Santiago De Compostela,42.8707816,-8.5447178,"coruna, a",santiago de compostela
23013,Osebe,42.825301,-8.615838,"coruna, a",teo
23011,Padron,42.739327,-8.6525701,"coruna, a",padron
23021,Padron Barbanza,42.7812443,-8.656552,"coruna, a",padron
3208,Cuenca Fernando Zobel,40.0352819,-2.1441378,cuenca,cuenca
66100,Cuenca,40.0673622,-2.1364895,cuenca,cuenca
66016,Chillaron,40.102932,-2.220969,cuenca,chillaron de cuenca
66103,Cañada Del Hoyo,39.9538744,-1.8896024,cuenca,canada del hoyo
66104,Carboneras De Guadazaon,39.9005164,-1.8076325,cuenca,carboneras de guadazaon
66105,Arguisuelas,39.838605,-1.8123037,cuenca,arguisuelas
66109,Villora,39.7468661,-1.6108998,cuenca,villora
66108,Yemeda-Cardenete,39.7509195,-1.6818789,cuenca,yemeda
66006,Tarancon,40.0064667,-3.0097245,cuenca,tarancon
66011,Huete,40.147094,-2.6816134,cuenca,huete
66013,Castillejo Del Romeral,40.1371299,-2.5068958,cuenca,huete
66014,Cuevas De Velasco,40.1554631,-2.408532,cuenca,villar y velasco
79300,Girona,41.9793402,2.8168293,girona,girona
79202,Sils,41.8076177,2.7450842,girona,sils
79203,Caldes De Malavella,41.8411429,2.8007209,girona,caldes de malavella
79204,Riudellots,41.8962535,2.8116032,girona,riudellots de la selva
79205,Fornells De La Selva,41.9350259,2.8097539,girona,fornells de la selva
79301,Celra,42.0271891,2.8749348,girona,celrà
79302,Bordils-Juia,42.0370471,2.915295,girona,bordils
79303,Flaça,42.0474159,2.9574089,girona,flaçà
79304,Sant Jordi Desvalls,42.0683167,2.9645106,girona,sant jordi desvalls
79305,Camallera,42.1223201,2.9653807,girona,"saus, camallera i llampaies"
79308,Vilamalla,42.2163229,2.9778522,girona,vilamalla
79306,Sant Miquel De Fluvia,42.172094,2.989598,girona,sant miquel de fluvià
79312,Llança,42.366688,3.149168,girona,llançà
79311,Vilajuiga,42.3256095,3.0873849,girona,vilajuïga
79314,Colera,42.4067916,3.154506,girona,colera
79315,Portbou,42.4246822,3.1577348,girona,portbou
79309,Figueres,42.2650808,2.968814,girona,figueres
4307,Figueres-Vilafant,42.2575697,2.94513,girona,figueres
5000,Granada,37.1840355,-3.6090357,granada,granada
5013,Loja-San Francisco,37.174921,-4.149528,granada,loja
56200,Guadix,37.3168311,-3.1271704,granada,guadix
56103,Benalua De Guadix,37.345298,-3.1631551,granada,benalua
56100,Moreda,37.4311479,-3.3105075,granada,morelabor
57003,Iznalloz,37.3958908,-3.5278435,granada,iznalloz
4007,Guadalajara-Yebes,40.5879523,-3.1249541,guadalajara,guadalajara
70202,Yunquera De Henares,40.747036,-3.163145,guadalajara,yunquera de henares
70204,Humanes De Mohernando,40.8311845,-3.1389515,guadalajara,humanes
70209,Jadraque,40.930006,-2.935785,guadalajara,jadraque
70208,Carrascosa De Henares,40.905884,-3.013691,guadalajara,espinosa de henares
70302,Sigüenza,41.071329,-2.646456,guadalajara,siguenza
70207,Espinosa De Henares,40.909718,-3.0731338,guadalajara,espinosa de henares
70210,Matillas,40.953837,-2.843212,guadalajara,matillas
70300,Baides,41.004911,-2.785903,guadalajara,baides
43019,Huelva-Termino,37.252635,-6.944905,huelva,huelva
42015,Calañas,37.651964,-6.876462,huelva,calanas
42016,Los Milanos,37.586225,-6.919955,huelva,calanas
42018,El Cobujon,37.51651,-6.953432,huelva,calanas
42013,El Tamujoso,37.7203298,-6.9005379,huelva,"cerro de andevalo, el"
42012,Valdelamusa,37.787145,-6.8737178,huelva,cortegana
42009,Almonaster-Cortegana,37.9012229,-6.7973125,huelva,almonaster la real
42008,Jabugo-Galaroza,37.9279893,-6.7730438,huelva,jabugo
42006,Cumbres Mayores,38.0532442,-6.6310657,huelva,cumbres mayores
42019,Belmonte,37.461858,-6.947529,huelva,san bartolome de la torre
42020,Gibraleon,37.367897,-6.962285,huelva,gibraleon
43021,San Juan Del Puerto,37.311893,-6.84109,huelva,san juan del puerto
43011,La Palma Del Condado,37.3906538,-6.5544227,huelva,"palma del condado, la"
43015,Niebla-Puerta Del Buey,37.3584965,-6.681256,huelva,niebla
43012,Villarrasa,37.3870134,-6.598824,huelva,villarrasa
43009,Escacena,37.397858,-6.391999,huelva,escacena del campo
74200,Huesca,42.1333507,-0.4097769,huesca,huesca
78203,Sariñena,41.8171171,-0.1723288,huesca,sarinena
78200,Tardienta,41.9757949,-0.5383496,huesca,tardienta
78201,Grañen,41.9379837,-0.3692811,huesca,granen
78301,Monzon-Rio Cinca,41.9137896,0.1969015,huesca,monzon
78302,Binefar,41.8497659,0.2913721,huesca,binefar
74211,Sabiñanigo,42.5204167,-0.3733136,huesca,sabinanigo
74209,Caldearenas-Aquilue,42.3979073,-0.499468,huesca,caldearenas
74213,Jaca,42.5776167,-0.5386996,huesca,jaca
74214,Castiello-Pueblo,42.6273588,-0.5451882,huesca,castiello de jaca
74204,Ayerbe,42.2755598,-0.682595,huesca,ayerbe
74205,Riglos-Concilio,42.3169651,-0.7274176,huesca,"penas de riglos, las"
74206,Riglos,42.3447386,-0.7317148,huesca,"penas de riglos, las"
74202,Plasencia Del Monte,42.2051817,-0.5609244,huesca,"sotonera, la"
74207,Santa Maria Y La Peña,42.38038,-0.6958747,huesca,"penas de riglos, las"
74208,Anzanigo,42.4033453,-0.6430434,huesca,caldearenas
74216,Villanua-Letranz,42.6890585,-0.5234695,huesca,villanua
74217,Canfranc,42.7513897,-0.5141525,huesca,canfranc
3100,Jaen,37.7800495,-3.7908847,jaen,jaen
50207,Vilches,38.2156965,-3.517513,jaen,vilches
56004,Jodar-Ubeda,37.9133419,-3.3502021,jaen,jodar
50300,Linares-Baeza,38.069169,-3.5892724,jaen,linares
56009,Cabra Del Santo Cristo Y Alicun,37.6567026,-3.2625925,jaen,cabra del santo cristo
3001,Mengibar-Artichuela,37.9778433,-3.8019294,jaen,mengibar
50400,Espeluy,38.0101413,-3.832274,jaen,espeluy
50403,Andujar,38.02824,-4.06604,jaen,andujar
15100,Leon,42.595994,-5.5826161,leon,leon
15015,Palanquinos,42.4606633,-5.4974771,leon,villanueva de las manzanas
20111,Bembibre,42.6095787,-6.4222006,leon,bembibre
15009,Sahagun,42.3693361,-5.0226545,leon,sahagun
15014,Santas Martas,42.4599988,-5.3866323,leon,santas martas
15008,Grajal,42.3231962,-5.0133741,leon,grajal de campos
15012,El Burgo Ranero,42.4257649,-5.2084815,leon,"burgo ranero, el"
20005,Veguellina,42.433562,-5.887601,leon,villarejo de orbigo
20104,Brañuelas,42.632623,-6.2010116,leon,villagaton
20109,Torre Del Bierzo,42.595497,-6.3289094,leon,torre del bierzo
20106,La Granja,42.606841,-6.294966,leon,torre del bierzo
20002,Quintana-Raneros,42.5500687,-5.6377276,leon,santovenia de la valdoncina
20008,Villabante,42.4645614,-5.8388884,leon,santa marina del rey
20006,Barrientos,42.414221,-5.9639231,leon,valderrey
20007,Nistal,42.4244463,-6.0080164,leon,san justo de la vega
20102,Vega-Magaz,42.5531716,-6.067997,leon,magaz de cepeda
20103,Porqueros,42.598974,-6.108328,leon,magaz de cepeda
20113,San Miguel De Las Dueñas,42.5864103,-6.5237647,leon,congosto
20200,Ponferrada,42.545398,-6.602382,leon,ponferrada
20204,Toral De Los Vados,42.541061,-6.7765649,leon,toral de los vados
20203,Villadepalos,42.5368908,-6.751069,leon,carracedelo
15108,La Pola De Gordon,42.854015,-5.674606,leon,"pola de gordon, la"
15106,La Robla,42.8039955,-5.6263925,leon,"robla, la"
15109,Santa Lucia,42.8749243,-5.6397212,leon,"pola de gordon, la"
15112,Villamanin,42.9367014,-5.6576852,leon,villamanin
15113,Busdongo,42.9844961,-5.7053997,leon,villamanin
20100,Astorga,42.4594174,-6.0471732,leon,astorga
78400,Lleida-Pirineus,41.6207709,0.6327913,lleida,lleida
73001,Puigverd De Lleida-Artesa De Lleida,41.5536749,0.7333933,lleida,puigverd de lleida
78500,Cervera,41.6736697,1.2747541,lleida,cervera
78402,Bell-Lloc D'Urgell,41.6316563,0.7815619,lleida,bell-lloc d'urgell
78403,Mollerussa,41.6318261,0.8969098,lleida,mollerussa
78404,Golmes,41.6359096,0.9308368,lleida,golmes
78406,Bellpuig,41.6325588,1.0129742,lleida,bellpuig
78405,Castellnou De Seana,41.6374776,0.9677288,lleida,castellnou de seana
78501,Sant Guim De Freixenet,41.6559069,1.4205931,lleida,sant guim de freixenet
78408,Tarrega,41.6502293,1.1388073,lleida,tàrrega
78407,Anglesola,41.6463987,1.0789872,lleida,anglesola
73003,Les Borges Blanques,41.5217222,0.8772657,lleida,"borges blanques, les"
73004,La Floresta,41.5041749,0.9243914,lleida,"floresta, la"
73002,Juneda,41.5439419,0.8255156,lleida,juneda
73005,Vinaixa,41.4251246,0.9704029,lleida,vinaixa
81100,Logroño,42.4575947,-2.4406833,"rioja, la",logrono
81102,Agoncillo,42.4435948,-2.2916232,"rioja, la",agoncillo
81002,Haro,42.5836452,-2.8492747,"rioja, la",haro
81108,Calahorra,42.3106137,-1.9579207,"rioja, la",calahorra
81105,Alcanadre,42.4074871,-2.1222005,"rioja, la",alcanadre
81110,Alfaro,42.1864833,-1.7481719,"rioja, la",alfaro
81109,Rincon De Soto,42.2301894,-1.8477929,"rioja, la",rincon de soto
20309,Lugo,43.0150666,-7.5521368,lugo,lugo
20314,Guitiriz,43.1790747,-7.8950709,lugo,guitiriz
20216,San Clodio-Quiroga,42.465255,-7.287173,lugo,ribas de sil
20218,Pobra De Brollon,42.5337515,-7.4001532,lugo,"pobra do brollon, a"
20310,Rabade,43.121342,-7.6247063,lugo,rabade
20312,Baamonde,43.1734198,-7.7563639,lugo,begonte
20313,Parga,43.1636305,-7.8373271,lugo,guitiriz
20214,Montefurado,42.3937465,-7.194573,lugo,quiroga
20300,Monforte De Lemos,42.5295972,-7.5034723,lugo,monforte de lemos
22003,San Estevo Do Sil,42.4272196,-7.6624968,lugo,panton
22001,Canabal,42.4826865,-7.5876638,lugo,sober
22004,San Pedro Do Sil,42.4528283,-7.7123405,lugo,panton
22002,Areas,42.4579254,-7.6291878,lugo,sober
20305,Sarria,42.7841346,-7.4188404,lugo,sarria
20306,Pedrelo-Celtigos,42.832904,-7.3933761,lugo,sarria
60000,Madrid-Puerta De Atocha,40.4053548,-3.6895915,madrid,madrid
10204,Zarzalejo,40.5388169,-4.1580731,madrid,zarzalejo
10205,Robledo De Chavela,40.5207512,-4.2467712,madrid,robledo de chavela
10206,Santa Maria De La Alameda-Peguerinos,40.5689814,-4.2691278,madrid,santa maria de la alameda
10209,El Pimpollar,40.5677042,-4.2831457,madrid,santa maria de la alameda
60202,Castillejo-Añover,39.9495877,-3.7384557,madrid,aranjuez
12007,Tablada,40.7056575,-4.1253575,madrid,guadarrama
5019,Antequera,37.0281836,-4.5609649,malaga,antequera
55001,Campillos,37.0321901,-4.8635104,malaga,campillos
55003,Almargen-Cañete La Real,37.0010286,-5.0201169,malaga,almargen
55008,Arriate,36.7910791,-5.1401779,malaga,arriate
55010,Benaojan-Montejaque,36.7137902,-5.246408,malaga,benaojan
55012,Cortes De La Frontera,36.5973589,-5.3327945,malaga,cortes de la frontera
55011,Jimera De Libar,36.6607132,-5.2814788,malaga,jimera de libar
55007,Ronda,36.748424,-5.1619184,malaga,ronda
55013,Gaucin,36.5403999,-5.3863848,malaga,gaucin
2003,Antequera-Santa Ana,37.0702806,-4.7190304,malaga,antequera
54400,Bobadilla,37.0375444,-4.7277249,malaga,antequera
54403,El Chorro-Caminito Del Rey,36.9073169,-4.7592403,malaga,alora
54404,Las Mellizas,36.8732968,-4.7194626,malaga,alora
61307,Cartagena,37.6050218,-0.9749997,murcia,cartagena
61009,Calasparra,38.2692997,-1.6799747,murcia,calasparra
61012,Cieza,38.2468104,-1.4220446,murcia,cieza
61303,Balsicas-Mar Menor,37.8188201,-0.950921,murcia,torre-pacheco
61015,Archena-Fortuna,38.1313637,-1.2360305,murcia,archena
61304,Torre-Pacheco,37.7470233,-0.9670555,murcia,torre-pacheco
80100,Pamplona,42.8249954,-1.6614366,navarra,iruna
80108,Tafalla,42.5257632,-1.671436,navarra,tafalla
80115,Villafranca De Navarra,42.28074,-1.7456041,navarra,villafranca
80114,Marcilla De Navarra,42.3348238,-1.7173764,navarra,marcilla
80109,Olite/Erriberri,42.4850493,-1.6499102,navarra,erriberri
81202,Tudela De Navarra,42.05945,-1.5978474,navarra,tudela
81205,Cortes De Navarra,41.9148345,-1.4203255,navarra,cortes
81203,Ribaforada,41.9970977,-1.5152248,navarra,ribaforada
81106,Feculas-Navarra,42.4111028,-2.0981948,navarra,lodosa
81200,Castejon De Ebro,42.1728476,-1.6924327,navarra,castejon
11300,Altsasu,42.8948377,-2.1812049,navarra,alsasua
80001,Altsasu-Pueblo,42.8933068,-2.1674164,navarra,alsasua
80003,Etxarri-Aranatz,42.9111083,-2.0712153,navarra,etxarri aranatz
80005,Uharte-Arakil,42.920515,-1.9747672,navarra,uharte arakil
22100,Ourense,42.3503978,-7.8728207,ourense,ourense
31215,Ourense-San Francisco,42.3326562,-7.8609025,ourense,ourense
20207,Covas,42.475285,-6.830882,ourense,rubia
20211,O Barco De Valdeorras,42.4182266,-6.9850514,ourense,"barco de valdeorras, o"
20208,Quereño,42.4207086,-6.8295034,ourense,rubia
20210,Sobradelo,42.4148488,-6.9119341,ourense,carballeda de valdeorras
20212,Vilamartin De Valdeorras,42.4115712,-7.061442,ourense,vilamartin de valdeorras
20213,A Rua-Petin,42.3926731,-7.1132567,ourense,"rua, a"
22102,Ribadavia,42.2931292,-8.1391141,ourense,ribadavia
22005,Os Peares,42.4511659,-7.7356295,ourense,"peroxa, a"
22101,Barbantes,42.33856,-8.011593,ourense,cenlle
31304,O Carballiño,42.4314286,-8.0688481,ourense,"carballino, o"
31306,O Irixo,42.5196769,-8.1050595,ourense,"irixo, o"
31205,A Gudiña,42.06069,-7.1324361,ourense,"gudina, a"
31303,A Friela-Maside,42.4113745,-8.02893,ourense,maside
22006,Barra De Miño,42.4010936,-7.8026302,ourense,coles
15116,Linares-Congostinas,43.101767,-5.772133,asturias,lena
14100,Palencia,42.015584,-4.534037,palencia,palencia
15001,Grijota,42.0499031,-4.5847811,palencia,grijota
11000,Venta De Baños,41.9168511,-4.4962752,palencia,venta de banos
10605,Dueñas,41.8712672,-4.5407883,palencia,duenas
11004,Magaz,41.9765365,-4.4320888,palencia,magaz de pisuerga
11006,Quintana Del Puente,42.0800306,-4.1985943,palencia,quintana del puente
15004,Paredes De Nava,42.1507267,-4.697486,palencia,paredes de nava
15003,Becerril,42.1047567,-4.6470894,palencia,becerril de campos
15006,Cisneros,42.1910681,-4.8502058,palencia,cisneros
15007,Villada,42.2452341,-4.9705373,palencia,villada
14111,Herrera Del Pisuerga,42.5986861,-4.3165333,palencia,herrera de pisuerga
14101,Monzon De Campos,42.1055551,-4.5016744,palencia,monzon de campos
14117,El Carrion,42.116362,-4.496319,palencia,monzon de campos
14102,Amusco,42.1781783,-4.4804909,palencia,amusco
14103,Piña,42.2117274,-4.4345791,palencia,pina de campos
14104,Fromista,42.264858,-4.402452,palencia,fromista
14107,Osorno,42.4151581,-4.3573484,palencia,osorno la mayor
14112,Alar Del Rey,42.6568658,-4.311367,palencia,alar del rey
14108,Espinosa De Villagonzalo,42.478955,-4.374475,palencia,espinosa de villagonzalo
14113,Mave,42.7234326,-4.2755773,palencia,aguilar de campoo
14114,Aguilar De Campoo,42.785252,-4.2338473,palencia,aguilar de campoo
14115,Quintanilla De Las Torres,42.818975,-4.2026884,palencia,pomar de valdivia
23018,Pontevedra-Universidad,42.4388295,-8.6303782,pontevedra,pontevedra
23004,Pontevedra,42.42164,-8.63583,pontevedra,pontevedra
8223,Vigo Urzaiz,42.2344784,-8.7130987,pontevedra,vigo
22308,Vigo-Guixar,42.239273,-8.7153479,pontevedra,vigo
22201,O Porriño,42.1640956,-8.6220121,pontevedra,"porrino, o"
22103,Filgueira,42.2199566,-8.1848025,pontevedra,crecente
22104,Frieira,42.154972,-8.2001702,pontevedra,crecente
22106,Arbo,42.1069927,-8.3002144,pontevedra,arbo
22108,As Neves,42.0754353,-8.4201118,pontevedra,"neves, as"
22109,Salvaterra,42.0816074,-8.4952202,pontevedra,salvaterra de mino
22105,Pousa-Crecente,42.1366863,-8.2348913,pontevedra,crecente
22107,Sela,42.0920451,-8.3559662,pontevedra,arbo
31308,Lalin,42.6325351,-8.1426426,pontevedra,lalin
23008,Vilagarcia De Arousa,42.6019751,-8.7622662,pontevedra,vilagarcia de arousa
23009,Catoira,42.6722202,-8.7253854,pontevedra,catoira
23010,Pontecesures,42.7229746,-8.6521346,pontevedra,pontecesures
23002,Arcade,42.3404447,-8.6104633,pontevedra,soutomaior
23005,Portela,42.5177336,-8.6545656,pontevedra,barro
23001,Cesantes,42.3101953,-8.6164619,pontevedra,redondela
22401,Tui,42.0565541,-8.6430108,pontevedra,tui
22200,Guillarei,42.0656748,-8.6225614,pontevedra,tui
22110,Caldelas,42.0557889,-8.566391,pontevedra,tui
22300,Redondela,42.2860395,-8.6194152,pontevedra,redondela
23000,Redondela-Picota,42.2867756,-8.60741,pontevedra,redondela
8224,Redondela-Av,42.284533,-8.603713,pontevedra,redondela
30100,Salamanca,40.9718729,-5.6484306,salamanca,salamanca
34010,Peñaranda De Bracamonte,40.8980292,-5.2064124,salamanca,penaranda de bracamonte
34011,Villar De Gallimazo,40.952035,-5.2959951,salamanca,villar de gallimazo
34012,Babilafuente,40.9723606,-5.430571,salamanca,babilafuente
34013,San Morales,40.984155,-5.4927959,salamanca,san morales
34014,Aldealengua,40.9797942,-5.5531967,salamanca,aldealengua
32004,Cantalapiedra,41.1333609,-5.1829996,salamanca,cantalapiedra
32006,El Pedroso De La Armuña,41.0798874,-5.4060954,salamanca,"pedroso de la armuna, el"
32008,Gomecello,41.0418311,-5.5415499,salamanca,gomecello
32009,Moriscos,41.0116521,-5.5847795,salamanca,moriscos
33016,Fuentes De Oñoro,40.5985473,-6.8245499,salamanca,fuentes de onoro
32007,Pitiegua,41.063766,-5.4741063,salamanca,pitiegua
33013,Ciudad Rodrigo,40.6087348,-6.530465,salamanca,ciudad rodrigo
8004,Segovia-Guiomar,40.9101867,-4.0948827,segovia,segovia
12100,Segovia,40.934241,-4.113537,segovia,segovia
12008,Gudillos,40.7169045,-4.157703,segovia,"espinar, el"
12010,El Espinar,40.7408315,-4.1895156,segovia,"espinar, el"
12009,San Rafael,40.7149439,-4.1813829,segovia,"espinar, el"
12014,Navas De Riofrio-La Losa,40.8566626,-4.1410906,segovia,navas de riofrio
12013,Ortigosa Del Monte,40.8327459,-4.1685099,segovia,ortigosa del monte
12012,Otero-Herreros,40.8009154,-4.2035564,segovia,otero de herreros
12011,Los Angeles De San Rafael,40.778532,-4.2073718,segovia,otero de herreros
40108,Guadalcanal,38.0903071,-5.8034699,sevilla,guadalcanal
50507,Peñaflor,37.7074846,-5.3416079,sevilla,penaflor
1009,Pedrera,37.2223527,-4.893696,sevilla,pedrera
1003,Arahal,37.268141,-5.5484006,sevilla,arahal
1005,Marchena,37.3342501,-5.4254295,sevilla,marchena
1007,Osuna,37.2337769,-5.1148398,sevilla,osuna
43008,Carrion De Los Cespedes,37.36902,-6.335012,sevilla,carrion de los cespedes
82100,Soria,41.7552817,-2.4754959,soria,soria
84101,Almazan-Villa,41.488985,-2.52522,soria,almazan
70400,Torralba,41.136239,-2.4928288,soria,medinaceli
70401,Medinaceli,41.1652422,-2.4212014,soria,medinaceli
70403,Arcos De Jalon,41.2156614,-2.2776762,soria,arcos de jalon
70404,Santa Maria De Huerta,41.2639286,-2.1779682,soria,santa maria de huerta
84104,Quintana Redonda,41.6396602,-2.6096561,soria,quintana redonda
84103,Tardelcuende,41.5935589,-2.6393367,soria,tardelcuende
71500,Tarragona,41.1115634,1.253232,tarragona,tarragona
71502,Altafulla-Tamarit,41.1367887,1.3741011,tarragona,altafulla
71400,Reus,41.1604541,1.1001041,tarragona,reus
71307,Les Borges Del Camp,41.1664731,1.0221315,tarragona,"borges del camp, les"
73008,Montblanc,41.3765805,1.1655496,tarragona,montblanc
73006,Vimbodi I Poblet,41.4026952,1.0459896,tarragona,vimbodi i poblet
73007,L'Espluga De Francoli,41.400627,1.1033167,tarragona,"espluga de francoli, l'"
73010,La Riba,41.3184699,1.1812863,tarragona,"riba, la"
73101,Alcover,41.2615791,1.1741561,tarragona,alcover
73102,La Selva Del Camp,41.2112675,1.1439237,tarragona,"selva del camp, la"
71401,Vila-Seca,41.1128032,1.1503332,tarragona,vila-seca
73009,Vilaverd,41.3376004,1.1764993,tarragona,vilaverd
73100,La Plana-Picamoixons,41.3060974,1.1949549,tarragona,valls
65400,Tortosa,40.8072878,0.5230081,tarragona,tortosa
65314,Ulldecona-Alcanar-La Senia,40.5959442,0.4492822,tarragona,ulldecona
71210,Flix,41.229399,0.5400743,tarragona,flix
4104,Camp De Tarragona,41.1921826,1.273878,tarragona,tarragona
71300,Mora La Nova,41.1065208,0.653247,tarragona,mora la nova
71306,Riudecanyes-Botarell,41.1400222,0.9756851,tarragona,riudecanyes
71305,Duesaigües-L'Argentera,41.1436386,0.9208351,tarragona,"argentera, l'"
71304,Pradell,41.133329,0.8586158,tarragona,pradell de la teixeta
71303,Marça-Falset,41.1308992,0.8103526,tarragona,marçà
71302,Capçanes,41.1020781,0.780339,tarragona,capçanes
71301,Els Guiamets,41.095923,0.7476965,tarragona,"guiamets, els"
71208,Faio-La Pobla De Massaluca,41.2250145,0.3510729,tarragona,"pobla de massaluca, la"
71209,Riba-Roja D'Ebre,41.2485589,0.4810704,tarragona,riba-roja d'ebre
71211,Asco,41.1823587,0.5690063,tarragona,asco
76004,Valls,41.2895851,1.2587537,tarragona,valls
71503,Torredembarra,41.1427985,1.4057036,tarragona,torredembarra
65410,Salou,41.0774589,1.1291961,tarragona,salou
65411,Port Aventura,41.0891944,1.1463882,tarragona,salou
65409,Cambrils,41.069347,1.0529506,tarragona,cambrils
65405,L'Ametlla De Mar,40.8861982,0.8004373,tarragona,"ametlla de mar, l'"
72100,Roda De Bara,41.1839275,1.4401676,tarragona,roda de berà
72101,Roda De Mar,41.1864363,1.4555183,tarragona,roda de berà
76001,Salomo,41.2234726,1.3766084,tarragona,salomo
76002,Vilabella,41.2395538,1.3174915,tarragona,vilabella
76003,Nulles-Brafim,41.2503055,1.2975247,tarragona,nulles
65407,L'Hospitalet De L'Infant,40.9958894,0.9207072,tarragona,vandellòs i l'hospitalet de l'infant
65408,Mont-Roig Del Camp,41.0449873,0.9906773,tarragona,mont-roig del camp
65403,Camarles-Deltebre,40.774744,0.671661,tarragona,camarles
65404,L'Ampolla-Perello-Deltebre,40.8120007,0.7082488,tarragona,"ampolla, l'"
65402,L'Aldea-Amposta-Tortosa,40.7535546,0.6142432,tarragona,"aldea, l'"
65401,Camp-Redo,40.7591771,0.5558199,tarragona,tortosa
67200,Teruel,40.3410032,-1.1103442,teruel,teruel
67021,Calamocha,40.9034355,-1.3004167,teruel,calamocha
67113,Monreal Del Campo,40.7965976,-1.3565684,teruel,monreal del campo
67100,Caminreal-Fuentes Claras,40.8504763,-1.3380704,teruel,caminreal
67105,Santa Eulalia Del Campo,40.5728311,-1.3130623,teruel,santa eulalia
67107,Cella,40.4552778,-1.2447801,teruel,cella
67101,Torrijo Del Campo,40.8260035,-1.3405037,teruel,torrijo del campo
67103,Villafranca Del Campo,40.684065,-1.3578996,teruel,villafranca del campo
67202,Puerto Escandon,40.2732626,-0.9845119,teruel,"puebla de valverde, la"
67203,Puebla De Valverde,40.2123416,-0.9438361,teruel,"puebla de valverde, la"
67205,Sarrion,40.1462637,-0.8234154,teruel,sarrion
67206,Mora De Rubielos,40.117977,-0.7733837,teruel,mora de rubielos
67207,Rubielos De Mora,40.1106445,-0.7408539,teruel,rubielos de mora
67017,Ferreruela,41.0634645,-1.2379394,teruel,ferreruela de huerva
67016,Villahermosa,41.1085134,-1.2398555,teruel,villahermosa del campo
67018,Cuencabuena,41.0093948,-1.2546971,teruel,calamocha
67019,Lechago,40.9576557,-1.2690956,teruel,calamocha
67020,Navarrete,40.9368706,-1.2616324,teruel,calamocha
71200,La Puebla De Hijar,41.224432,-0.438385,teruel,"puebla de hijar, la"
71201,Samper,41.1822141,-0.3687029,teruel,samper de calanda
92102,Toledo,39.8623647,-4.0112049,toledo,toledo
35005,Illescas,40.1208723,-3.8423354,toledo,illescas
66002,Ocaña,39.9646427,-3.48602,toledo,ocana
66001,Ontigola,40.0016342,-3.5736938,toledo,ontigola
66003,Noblejas,39.9725107,-3.4426771,toledo,noblejas
66004,Villarrubia De Santiago,39.9662691,-3.367264,toledo,villarrubia de santiago
66005,Santa Cruz De La Zarza,39.9729183,-3.1809388,toledo,santa cruz de la zarza
35105,Torrijos,39.9789578,-4.2830853,toledo,torrijos
35107,Erustes,39.9495218,-4.4875523,toledo,erustes
35203,Oropesa De Toledo,39.9217431,-5.1861473,toledo,oropesa
35200,Talavera De La Reina,39.9706129,-4.826512,toledo,talavera de la reina
35109,Montearagon,39.9608322,-4.6465299,toledo,montearagon
60203,Villasequilla,39.8794911,-3.7285349,toledo,villasequilla
60206,Tembleque,39.7224617,-3.4970336,toledo,tembleque
60207,El Romeral,39.6940137,-3.4300228,toledo,"romeral, el"
60301,Quero,39.5041874,-3.2660226,toledo,quero
60300,Villacañas,39.6219519,-3.3301228,toledo,villacanas
3216,Valencia Joaquin Sorolla,39.4600028,-0.3813222,valencia,valencia
66113,Las Cuevas,39.6194064,-1.2841209,valencia,utiel
66112,Camporrobles,39.6448311,-1.40283,valencia,camporrobles
3213,Requena-Utiel,39.5217269,-1.1346669,valencia,requena
69002,Beniganim,38.9384428,-0.4531915,valencia,benigànim
69003,La Pobla Del Duc,38.915336,-0.4454842,valencia,"pobla del duc, la"
69006,Albaida,38.8456849,-0.5182685,valencia,albaida
69008,Ontinyent,38.8095064,-0.6025968,valencia,ontinyent
69007,Agullent,38.8305232,-0.551209,valencia,agullent
69005,Bufali,38.8673771,-0.5104955,valencia,bufali
69004,Montaberner,38.8840538,-0.4915503,valencia,montaverner
69001,Genoves,38.9741833,-0.4851401,valencia,genoves
10600,Valladolid-Campo Grande,41.6422174,-4.7269748,valladolid,valladolid
10610,Valladolid Universidad,41.6603,-4.704194,valladolid,valladolid
10504,Viana,41.5240754,-4.7545409,valladolid,viana de cega
10501,Pozaldez,41.3673544,-4.8360354,valladolid,pozaldez
10502,Matapozuelos,41.4219131,-4.8013828,valladolid,matapozuelos
10503,Valdestillas,41.4887255,-4.7729556,valladolid,valdestillas
10602,Cabezon Del Pisuerga,41.7372984,-4.6513243,valladolid,cabezon de pisuerga
10603,Corcos-Aguilarejo,41.7663972,-4.6233663,valladolid,corcos
10604,Cubillas De Santa Marta,41.8089815,-4.5796172,valladolid,cubillas de santa marta
8240,Medina Del Campo A.V.,41.2914,-4.9227,valladolid,medina del campo
10500,Medina Del Campo,41.3172763,-4.9096181,valladolid,medina del campo
32001,Campillo,41.259589,-5.0178259,valladolid,"campillo, el"
32002,El Carpio,41.2154451,-5.114406,valladolid,carpio
32003,Fresno El Viejo,41.1901362,-5.1379807,valladolid,fresno el viejo
31002,Nava Del Rey,41.3347534,-5.0767733,valladolid,nava del rey
30200,Zamora,41.515937,-5.7397167,zamora,zamora
31104,Carbajales De Alba,41.6815622,-5.9720564,zamora,carbajales de alba
31200,Puebla De Sanabria,42.0456228,-6.6266696,zamora,puebla de sanabria
31106,Ferreruela De Tabara,41.764136,-6.0738829,zamora,ferreruela
31107,Abejera,41.8094175,-6.1418293,zamora,riofrio de aliste
31108,Sarracin De Aliste,41.8483203,-6.205017,zamora,riofrio de aliste
31109,Cabañas De Aliste,41.8546058,-6.2463492,zamora,riofrio de aliste
31112,Linarejos-Pedroso,41.9469542,-6.4845953,zamora,manzanal de arriba
31006,Toro,41.5118477,-5.3833163,zamora,toro
70504,Ateca,41.3245706,-1.7852674,zaragoza,ateca
70500,Ariza,41.3096622,-2.0595452,zaragoza,ariza
70502,Alhama De Aragon,41.2943546,-1.9042781,zaragoza,alhama de aragon
70503,Bubierca,41.3172399,-1.8558469,zaragoza,bubierca
70605,Mores,41.4786035,-1.5661824,zaragoza,mores
70606,Purroy,41.4771806,-1.5400778,zaragoza,mores
70607,Morata De Jalon,41.4755371,-1.4785739,zaragoza,morata de jalon
70700,Ricla-La Almunia,41.5014644,-1.402843,zaragoza,ricla
70701,Calatorao,41.5286384,-1.3607504,zaragoza,calatorao
70703,Epila,41.609653,-1.3009674,zaragoza,epila
70405,Monreal De Ariza,41.2986119,-2.1098883,zaragoza,monreal de ariza
70501,Cetina,41.2959001,-1.9598888,zaragoza,cetina
70505,Terrer,41.3221944,-1.7084722,zaragoza,terrer
70702,Salillas De Jalon,41.567595,-1.3259524,zaragoza,salillas de jalon
70704,Rueda De Jalon-Lumpiaque,41.6391743,-1.2815663,zaragoza,rueda de jalon
70705,Plasencia De Jalon,41.6894768,-1.234261,zaragoza,plasencia de jalon
70706,Grisen,41.7451803,-1.1659036,zaragoza,grisen
70603,Paracuellos-Sabiñan,41.429389,-1.5677113,zaragoza,paracuellos de la ribera
70604,Sabiñan,41.4440632,-1.5711643,zaragoza,sabinan
70600,Calatayud,41.3466673,-1.6387414,zaragoza,calatayud
70602,Embid De Jalon,41.4214023,-1.5931741,zaragoza,calatayud
67010,Cariñena,41.3354867,-1.2285589,zaragoza,carinena
67004,Maria De Huerva,41.5400975,-0.9974668,zaragoza,maria de huerva
67007,Arañales De Muel,41.4690568,-1.0860655,zaragoza,muel
67009,Longares,41.4044584,-1.1588558,zaragoza,longares
67011,Encinacorba,41.2886981,-1.2786679,zaragoza,encinacorba
67013,Villarreal De Huerva,41.1963733,-1.2871356,zaragoza,villarreal de huerva
67014,Villadoz,41.1655526,-1.2788559,zaragoza,villadoz
67015,Badules,41.1394432,-1.2515629,zaragoza,badules
81210,Alagon,41.7713963,-1.1124662,zaragoza,alagon
81209,Cabañas De Ebro,41.7881077,-1.1677489,zaragoza,cabanas de ebro
81207,Luceni,41.8262594,-1.2438583,zaragoza,luceni
81206,Gallur,41.8671808,-1.3212745,zaragoza,gallur
81208,Pedrola,41.8050062,-1.2019686,zaragoza,pedrola
71204,Caspe,41.239866,-0.0427502,zaragoza,caspe
71205,Val De Pilas,41.2295857,0.0732292,zaragoza,caspe
71103,Fuentes De Ebro,41.5151657,-0.618599,zaragoza,fuentes de ebro
71105,Quinto,41.4194178,-0.4907242,zaragoza,quinto
71108,La Zaida-Sastago,41.3204871,-0.427001,zaragoza,"zaida, la"
71206,Fabara,41.234438,0.143302,zaragoza,fabara
71207,Nonaspe,41.213588,0.2419351,zaragoza,nonaspe
78100,Zuera,41.8772888,-0.7641418,zaragoza,zuera
78005,Villanueva De Gallego,41.7656646,-0.822169,zaragoza,villanueva de gallego
3410,Elx Alta Velocidad,38.24625,-0.76566,alacant,elx
56310,Huercal-Viator,36.88348,-2.43614,almeria,huercal de almeria
65422,Cambrils,41.06959,1.05292,tarragona,cambrils
60420,L'Hospitalet De L'Infant,40.99943,0.9131,tarragona,l'hospitalet de l'infant
8247,Sanabria Alta Velocidad,42.04541,-6.56626,zamora,palacios de sanabria
11602,Hendaya,43.3523863,-1.7825502,nan,hendaya
77310,Latour De Carol,42.459039,1.904475,nan,latour de carol
79316,Cerbere,42.4417955,3.1639182,nan,cerbere
87004,Les Aubrais Orleans,47.925019,1.905508,nan,les aubrais orleans
87011,Paris Austerlitz,48.839266,2.368222,nan,paris
87013,Paris Gare Lyon,48.844288,2.37367,nan,paris
87078,Beziers,43.336225,3.219231,nan,beziers
87079,Toulouse Matabiau,43.611439,1.454144,nan,toulouse
87081,Poitiers,46.583303,0.33036,nan,poitiers
87088,Narbonne,43.191027,3.005967,nan,narbonne
87089,Marseille St Charles,43.30349,5.382236,nan,marselle cedex
87173,Montpellier St Roch,43.60583,3.882376,nan,montpellier
87175,Sete,43.412808,3.69641,nan,sete
87176,Carcassonne,43.218142,2.351832,nan,carcassonne
87287,Agde,43.317424,3.466125,nan,agde
87302,Nimes,43.832291,4.365845,nan,nimes
87303,Lyon Part Dieu,45.760281,4.859801,nan,lyon
87374,Perpignan,42.696073,2.879632,nan,perpignan
87546,Blois,47.581543,1.321077,nan,blois
87810,Valence Tgv Rhone Alpes Sud,44.991545,4.978703,nan,rhone - alpes
87814,Avignon Tgv,43.921938,4.785813,nan,avignon
87912,Aix En Provence Tgv,43.455268,5.31723,nan,aix en provence
22402,Valença Do Minho,42.03481,-0.64495,nan,valença do minho
87300,Montpellier Sai,43.60502,3.88072,nan,montpellier
87402,Avignon,43.94173,4.80529,nan,avignon
87896,Avignon Tgv,43.92179,4.78588,nan,avignon
87901,Aix-En-Provence Tgv,43.45532,5.31722,nan,aix-en-provence
87973,Montpellier Sud De France,43.59537,3.92427,nan,montpellier
94021,Nine,41.45534,-8.54513,nan,vila nova de famalicão
94033,Viana Do Castelo,41.69517,-8.83134,nan,viana do castelo
94346,Porto-Campanha,41.1489,-8.58544,nan,oporto
94401,Lisboa-Santa Apolonia,38.71428,-9.12259,nan,lisboa
94404,Lisboa-Oriente,38.76798,-9.10124,nan,lisboa
94428,Entroncamento,39.46144,-8.47307,nan,entroncamento
94434,Caxarias,39.71438,-8.54516,nan,caxarias
94438,Pombal,39.91677,-8.63007,nan,pombal
94452,Coimbra-B,40.22513,-8.441,nan,coimbra
94524,Sta. Comba Dao,40.39071,-8.12442,nan,vimieiro
94536,Mangualde,40.5865,-7.76026,nan,mangualde
94543,Celorico-Beira,40.6652,-7.38246,nan,celorico da beira
94551,Guarda,40.55271,-7.23984,nan,guarda
94563,Vilar Formoso,40.60645,-6.8291,nan,vilar formoso
95100,Delicias-Empalme,40.40027,-3.69247,nan,madrid
